"Pair","Mean_Residual_Between","Mean_Residual_Within","T_test_pval","n","Feature","P_value_adj"
"GREAT PLAINS_MARINE WEST COAST FOREST",-0.0129898930167012,0.040319608262438,4.9214849378345e-22,31671,"avg_sylls_upper_freq_Hz",1.17277938944141e-21
"GREAT PLAINS_MEDITERRANEAN CALIFORNIA",0.078493448766787,0.040319608262438,3.35435033980884e-10,31518,"avg_sylls_upper_freq_Hz",5.4844852271327e-10
"GREAT PLAINS_NORTH AMERICAN DESERTS",0.0483330768647166,0.040319608262438,0.222628689930371,22338,"avg_sylls_upper_freq_Hz",0.249344132722016
"GREAT PLAINS_NORTHWESTERN FORESTED MOUNTAINS",0.0406216679867665,0.040319608262438,0.961036701350226,25398,"avg_sylls_upper_freq_Hz",0.961036701350226
"GREAT PLAINS_SOUTHERN SEMIARID HIGHLANDS",-0.0114836191789861,0.040319608262438,1.65610889425098e-09,13158,"avg_sylls_upper_freq_Hz",2.63098150576042e-09
"GREAT PLAINS_TEMPERATE SIERRAS",-0.133819580203654,0.040319608262438,5.55836446323878e-159,16983,"avg_sylls_upper_freq_Hz",1.77867662823641e-157
"GREAT PLAINS_TROPICAL DRY FORESTS",-0.23576445425519,0.040319608262438,4.59665858071453e-52,1530,"avg_sylls_upper_freq_Hz",2.01892455309815e-51
"MARINE WEST COAST FOREST_MEDITERRANEAN CALIFORNIA",0.0738287636261475,0.040319608262438,7.69496052417786e-10,42642,"avg_sylls_upper_freq_Hz",1.24903707059119e-09
"MARINE WEST COAST FOREST_NORTH AMERICAN DESERTS",0.0324404563898104,0.040319608262438,0.171553132039109,30222,"avg_sylls_upper_freq_Hz",0.19408031099374
"MARINE WEST COAST FOREST_NORTHWESTERN FORESTED MOUNTAINS",0.0231824825802161,0.040319608262438,0.00172137764101175,34362,"avg_sylls_upper_freq_Hz",0.00224179413713158
"MARINE WEST COAST FOREST_SOUTHERN SEMIARID HIGHLANDS",-0.036864411484262,0.040319608262438,1.50469775715337e-25,17802,"avg_sylls_upper_freq_Hz",4.11039387319944e-25
"MARINE WEST COAST FOREST_TEMPERATE SIERRAS",-0.137269039805226,0.040319608262438,5.59042259208279e-210,22977,"avg_sylls_upper_freq_Hz",4.17418220208849e-208
"MARINE WEST COAST FOREST_TROPICAL DRY FORESTS",-0.0935928526466326,0.040319608262438,2.16714382023993e-15,2070,"avg_sylls_upper_freq_Hz",4.07932954398104e-15
"MEDITERRANEAN CALIFORNIA_NORTH AMERICAN DESERTS",0.0598087531171368,0.040319608262438,0.000901707554036301,30076,"avg_sylls_upper_freq_Hz",0.00118813230649489
"MEDITERRANEAN CALIFORNIA_NORTHWESTERN FORESTED MOUNTAINS",0.0412812753113555,0.040319608262438,0.862938431728734,34196,"avg_sylls_upper_freq_Hz",0.874652528087043
"MEDITERRANEAN CALIFORNIA_SOUTHERN SEMIARID HIGHLANDS",-0.048126761143023,0.040319608262438,7.2299868849356e-36,17716,"avg_sylls_upper_freq_Hz",2.65494600364848e-35
"MEDITERRANEAN CALIFORNIA_TEMPERATE SIERRAS",-0.0996290818080292,0.040319608262438,5.87695502502949e-127,22866,"avg_sylls_upper_freq_Hz",1.01264455815893e-125
"MEDITERRANEAN CALIFORNIA_TROPICAL DRY FORESTS",-0.196521699277197,0.040319608262438,1.52020943374428e-47,2060,"avg_sylls_upper_freq_Hz",6.30605394738369e-47
"NORTH AMERICAN DESERTS_NORTHWESTERN FORESTED MOUNTAINS",0.0488869115171478,0.040319608262438,0.179280522200291,24236,"avg_sylls_upper_freq_Hz",0.201803200868669
"NORTH AMERICAN DESERTS_SOUTHERN SEMIARID HIGHLANDS",-0.0497199438900323,0.040319608262438,4.80191942569968e-30,12556,"avg_sylls_upper_freq_Hz",1.41530256757464e-29
"NORTH AMERICAN DESERTS_TEMPERATE SIERRAS",-0.101022321628322,0.040319608262438,1.15281192577224e-99,16206,"avg_sylls_upper_freq_Hz",1.22966605415705e-98
"NORTH AMERICAN DESERTS_TROPICAL DRY FORESTS",-0.290093088229714,0.040319608262438,1.18631205314249e-70,1460,"avg_sylls_upper_freq_Hz",7.38149721955327e-70
"NORTHWESTERN FORESTED MOUNTAINS_SOUTHERN SEMIARID HIGHLANDS",-0.0174951653710119,0.040319608262438,1.58968676285709e-13,14276,"avg_sylls_upper_freq_Hz",2.84871867903991e-13
"NORTHWESTERN FORESTED MOUNTAINS_TEMPERATE SIERRAS",-0.107472018932765,0.040319608262438,1.60590429328046e-118,18426,"avg_sylls_upper_freq_Hz",2.39815041129882e-117
"NORTHWESTERN FORESTED MOUNTAINS_TROPICAL DRY FORESTS",-0.114686557753788,0.040319608262438,6.82530221767655e-18,1660,"avg_sylls_upper_freq_Hz",1.38987972432686e-17
"SOUTHERN SEMIARID HIGHLANDS_TEMPERATE SIERRAS",-0.123304631298496,0.040319608262438,1.23051853230913e-89,9546,"avg_sylls_upper_freq_Hz",9.84414825847304e-89
"SOUTHERN SEMIARID HIGHLANDS_TROPICAL DRY FORESTS",-0.195810081183882,0.040319608262438,6.21286458654445e-20,860,"avg_sylls_upper_freq_Hz",1.33815544940957e-19
"TEMPERATE SIERRAS_TROPICAL DRY FORESTS",-0.246504288347633,0.040319608262438,6.80867388787905e-41,1110,"avg_sylls_upper_freq_Hz",2.62955681187053e-40
"GREAT PLAINS_MARINE WEST COAST FOREST",-0.0387053950582148,-0.0147235259427991,1.40131241855495e-05,31671,"avg_sylls_lower_freq_Hz",1.98667077060956e-05
"GREAT PLAINS_MEDITERRANEAN CALIFORNIA",-0.0920658594780398,-0.0147235259427991,1.46171230132693e-47,31518,"avg_sylls_lower_freq_Hz",6.17780293391003e-47
"GREAT PLAINS_NORTH AMERICAN DESERTS",-0.0487332140826272,-0.0147235259427991,7.9490997535514e-08,22338,"avg_sylls_lower_freq_Hz",1.22799885847966e-07
"GREAT PLAINS_NORTHWESTERN FORESTED MOUNTAINS",0.0962532815751003,-0.0147235259427991,2.89343090277727e-61,25398,"avg_sylls_lower_freq_Hz",1.40897504830893e-60
"GREAT PLAINS_SOUTHERN SEMIARID HIGHLANDS",0.142508540420411,-0.0147235259427991,4.62462939791763e-70,13158,"avg_sylls_lower_freq_Hz",2.79977563549608e-69
"GREAT PLAINS_TEMPERATE SIERRAS",-0.0120264777522989,-0.0147235259427991,0.693364559642744,16983,"avg_sylls_lower_freq_Hz",0.725764772710161
"GREAT PLAINS_TROPICAL DRY FORESTS",-0.0921096862794632,-0.0147235259427991,8.1649251862838e-05,1530,"avg_sylls_lower_freq_Hz",0.000111520929373632
"MARINE WEST COAST FOREST_MEDITERRANEAN CALIFORNIA",-0.101525448072837,-0.0147235259427991,5.38089175013342e-74,42642,"avg_sylls_lower_freq_Hz",3.54505809420555e-73
"MARINE WEST COAST FOREST_NORTH AMERICAN DESERTS",-0.0834947102014901,-0.0147235259427991,1.23517997554618e-35,30222,"avg_sylls_lower_freq_Hz",4.32312991441161e-35
"MARINE WEST COAST FOREST_NORTHWESTERN FORESTED MOUNTAINS",0.0864933430906381,-0.0147235259427991,5.91520315072906e-67,34362,"avg_sylls_lower_freq_Hz",3.23172074576417e-66
"MARINE WEST COAST FOREST_SOUTHERN SEMIARID HIGHLANDS",0.107103037251481,-0.0147235259427991,8.56301563949251e-56,17802,"avg_sylls_lower_freq_Hz",3.91452143519658e-55
"MARINE WEST COAST FOREST_TEMPERATE SIERRAS",-0.0340958595818715,-0.0147235259427991,0.00139942005565137,22977,"avg_sylls_lower_freq_Hz",0.00183315843547314
"MARINE WEST COAST FOREST_TROPICAL DRY FORESTS",0.0495707094296696,-0.0147235259427991,0.000749673243468655,2070,"avg_sylls_lower_freq_Hz",0.000999564324624873
"MEDITERRANEAN CALIFORNIA_NORTH AMERICAN DESERTS",-0.0706787462900363,-0.0147235259427991,5.11024836618307e-24,30076,"avg_sylls_lower_freq_Hz",1.30079049321024e-23
"MEDITERRANEAN CALIFORNIA_NORTHWESTERN FORESTED MOUNTAINS",0.120798109547622,-0.0147235259427991,8.06312458892288e-112,34196,"avg_sylls_lower_freq_Hz",1.06243523995219e-110
"MEDITERRANEAN CALIFORNIA_SOUTHERN SEMIARID HIGHLANDS",0.0454550164732677,-0.0147235259427991,2.64214169946644e-16,17716,"avg_sylls_lower_freq_Hz",5.1915766726358e-16
"MEDITERRANEAN CALIFORNIA_TEMPERATE SIERRAS",-0.0577300273083106,-0.0147235259427991,1.06422220952563e-12,22866,"avg_sylls_lower_freq_Hz",1.83373673025955e-12
"MEDITERRANEAN CALIFORNIA_TROPICAL DRY FORESTS",-0.0185097502498241,-0.0147235259427991,0.834430179606642,2060,"avg_sylls_lower_freq_Hz",0.856293908227281
"NORTH AMERICAN DESERTS_NORTHWESTERN FORESTED MOUNTAINS",0.131130476751055,-0.0147235259427991,1.25265737459727e-96,24236,"avg_sylls_lower_freq_Hz",1.16914688295745e-95
"NORTH AMERICAN DESERTS_SOUTHERN SEMIARID HIGHLANDS",0.000200823802006569,-0.0147235259427991,0.0612427659344229,12556,"avg_sylls_lower_freq_Hz",0.0714498935901601
"NORTH AMERICAN DESERTS_TEMPERATE SIERRAS",-0.0342852360052048,-0.0147235259427991,0.0048158197000498,16206,"avg_sylls_lower_freq_Hz",0.00623551221278124
"NORTH AMERICAN DESERTS_TROPICAL DRY FORESTS",-0.0114790100422358,-0.0147235259427991,0.881459190966736,1460,"avg_sylls_lower_freq_Hz",0.88940026475923
"NORTHWESTERN FORESTED MOUNTAINS_SOUTHERN SEMIARID HIGHLANDS",0.0585829362362528,-0.0147235259427991,2.35250077148095e-20,14276,"avg_sylls_lower_freq_Hz",5.16627620403659e-20
"NORTHWESTERN FORESTED MOUNTAINS_TEMPERATE SIERRAS",0.0256458569972441,-0.0147235259427991,3.22637742527985e-09,18426,"avg_sylls_lower_freq_Hz",5.08949678354004e-09
"NORTHWESTERN FORESTED MOUNTAINS_TROPICAL DRY FORESTS",-0.0203377102045805,-0.0147235259427991,0.771679867856988,1660,"avg_sylls_lower_freq_Hz",0.800260603703543
"SOUTHERN SEMIARID HIGHLANDS_TEMPERATE SIERRAS",0.00900939117050459,-0.0147235259427991,0.00794779560792652,9546,"avg_sylls_lower_freq_Hz",0.0100017203155929
"SOUTHERN SEMIARID HIGHLANDS_TROPICAL DRY FORESTS",-0.131685801390044,-0.0147235259427991,5.85312223610925e-06,860,"avg_sylls_lower_freq_Hz",8.56927699927106e-06
"TEMPERATE SIERRAS_TROPICAL DRY FORESTS",-0.102808907404841,-0.0147235259427991,0.000105755338923434,1110,"avg_sylls_lower_freq_Hz",0.000143570884356662
"GREAT PLAINS_MARINE WEST COAST FOREST",0.0141624478626689,0.0280732236611246,0.0138840969862636,31671,"max_sylls_freq_Hz",0.0169947416662462
"GREAT PLAINS_MEDITERRANEAN CALIFORNIA",0.0346907076873712,0.0280732236611246,0.257496704669254,31518,"max_sylls_freq_Hz",0.286961501720959
"GREAT PLAINS_NORTH AMERICAN DESERTS",0.0716482800690394,0.0280732236611246,5.64393613604851e-11,22338,"max_sylls_freq_Hz",9.43463951100646e-11
"GREAT PLAINS_NORTHWESTERN FORESTED MOUNTAINS",0.0227941780585804,0.0280732236611246,0.383499778922833,25398,"max_sylls_freq_Hz",0.417009468343275
"GREAT PLAINS_SOUTHERN SEMIARID HIGHLANDS",-0.0453355164293234,0.0280732236611246,1.89302165198571e-20,13158,"max_sylls_freq_Hz",4.19838465390891e-20
"GREAT PLAINS_TEMPERATE SIERRAS",-0.131829823721421,0.0280732236611246,1.11510209095397e-132,16983,"max_sylls_freq_Hz",2.77536520415211e-131
"GREAT PLAINS_TROPICAL DRY FORESTS",-0.161621601725841,0.0280732236611246,2.31696648103697e-26,1530,"max_sylls_freq_Hz",6.40741347842322e-26
"MARINE WEST COAST FOREST_MEDITERRANEAN CALIFORNIA",0.0410789809544924,0.0280732236611246,0.0146900437231043,42642,"max_sylls_freq_Hz",0.0178835314889965
"MARINE WEST COAST FOREST_NORTH AMERICAN DESERTS",0.0669787047594245,0.0280732236611246,2.37029018864125e-11,30222,"max_sylls_freq_Hz",3.99206768613263e-11
"MARINE WEST COAST FOREST_NORTHWESTERN FORESTED MOUNTAINS",0.00537817352672492,0.0280732236611246,2.71908600781926e-05,34362,"max_sylls_freq_Hz",3.83066204875166e-05
"MARINE WEST COAST FOREST_SOUTHERN SEMIARID HIGHLANDS",-0.0177168910919846,0.0280732236611246,1.26360567079852e-10,17802,"max_sylls_freq_Hz",2.0812328695505e-10
"MARINE WEST COAST FOREST_TEMPERATE SIERRAS",-0.120729434055393,0.0280732236611246,3.07891963685381e-143,22977,"max_sylls_freq_Hz",8.62097498319067e-142
"MARINE WEST COAST FOREST_TROPICAL DRY FORESTS",-0.150378058099946,0.0280732236611246,2.90552945081331e-27,2070,"max_sylls_freq_Hz",8.13548246227727e-27
"MEDITERRANEAN CALIFORNIA_NORTH AMERICAN DESERTS",0.08887009176846,0.0280732236611246,1.13326051634872e-24,30076,"max_sylls_freq_Hz",2.95174832165249e-24
"MEDITERRANEAN CALIFORNIA_NORTHWESTERN FORESTED MOUNTAINS",0.0361114947479615,0.0280732236611246,0.13918582500712,34196,"max_sylls_freq_Hz",0.159069514293852
"MEDITERRANEAN CALIFORNIA_SOUTHERN SEMIARID HIGHLANDS",-0.0139034961285483,0.0280732236611246,1.52152881816504e-09,17716,"max_sylls_freq_Hz",2.43444610906406e-09
"MEDITERRANEAN CALIFORNIA_TEMPERATE SIERRAS",-0.0790552344440286,0.0280732236611246,5.55710585859818e-70,22866,"max_sylls_freq_Hz",3.27576766401577e-69
"MEDITERRANEAN CALIFORNIA_TROPICAL DRY FORESTS",-0.134241926108242,0.0280732236611246,3.19722194606751e-23,2060,"max_sylls_freq_Hz",7.95753017687913e-23
"NORTH AMERICAN DESERTS_NORTHWESTERN FORESTED MOUNTAINS",0.0413906425682369,0.0280732236611246,0.0299789603281043,24236,"max_sylls_freq_Hz",0.0359106262753763
"NORTH AMERICAN DESERTS_SOUTHERN SEMIARID HIGHLANDS",-0.0288980129254485,0.0280732236611246,2.80120958256696e-13,12556,"max_sylls_freq_Hz",4.94071611413385e-13
"NORTH AMERICAN DESERTS_TEMPERATE SIERRAS",-0.100935593163786,0.0280732236611246,9.53482539417851e-79,16206,"max_sylls_freq_Hz",6.88968028482576e-78
"NORTH AMERICAN DESERTS_TROPICAL DRY FORESTS",-0.192772784417287,0.0280732236611246,1.11914273032143e-31,1460,"max_sylls_freq_Hz",3.43408180263014e-31
"NORTHWESTERN FORESTED MOUNTAINS_SOUTHERN SEMIARID HIGHLANDS",-0.0305363055876337,0.0280732236611246,2.18087637836915e-14,14276,"max_sylls_freq_Hz",4.00423203897287e-14
"NORTHWESTERN FORESTED MOUNTAINS_TEMPERATE SIERRAS",-0.10949675391208,0.0280732236611246,3.60441908797934e-100,18426,"max_sylls_freq_Hz",4.03694937853686e-99
"NORTHWESTERN FORESTED MOUNTAINS_TROPICAL DRY FORESTS",-0.130999323321883,0.0280732236611246,8.11022370338073e-18,1660,"max_sylls_freq_Hz",1.63665775635791e-17
"SOUTHERN SEMIARID HIGHLANDS_TEMPERATE SIERRAS",-0.104920269975159,0.0280732236611246,5.05211226570893e-57,9546,"max_sylls_freq_Hz",2.35765239066417e-56
"SOUTHERN SEMIARID HIGHLANDS_TROPICAL DRY FORESTS",-0.183079711027823,0.0280732236611246,3.80270931097799e-17,860,"max_sylls_freq_Hz",7.60541862195598e-17
"TEMPERATE SIERRAS_TROPICAL DRY FORESTS",-0.12938135672963,0.0280732236611246,8.35770121200593e-12,1110,"max_sylls_freq_Hz",1.4182765693101e-11
"GREAT PLAINS_MARINE WEST COAST FOREST",0.0172394882182454,-0.00862483616265314,6.49456426674442e-06,31671,"min_sylls_freq_Hz",9.3856928758113e-06
"GREAT PLAINS_MEDITERRANEAN CALIFORNIA",-0.0333100837216061,-0.00862483616265314,1.17934804517794e-05,31518,"min_sylls_freq_Hz",1.68263670140038e-05
"GREAT PLAINS_NORTH AMERICAN DESERTS",-0.0129912960743482,-0.00862483616265314,0.502407190847602,22338,"min_sylls_freq_Hz",0.535901003570775
"GREAT PLAINS_NORTHWESTERN FORESTED MOUNTAINS",-0.00990537427209201,-0.00862483616265314,0.841002945580365,25398,"min_sylls_freq_Hz",0.856293908227281
"GREAT PLAINS_SOUTHERN SEMIARID HIGHLANDS",0.134020912380718,-0.00862483616265314,1.25748328256373e-60,13158,"min_sylls_freq_Hz",5.99311181477182e-60
"GREAT PLAINS_TEMPERATE SIERRAS",-0.021218604777647,-0.00862483616265314,0.100140706877145,16983,"min_sylls_freq_Hz",0.115033427387079
"GREAT PLAINS_TROPICAL DRY FORESTS",-0.0517743280026112,-0.00862483616265314,0.0470637724897471,1530,"min_sylls_freq_Hz",0.0551952096214836
"MARINE WEST COAST FOREST_MEDITERRANEAN CALIFORNIA",-0.0225649212951531,-0.00862483616265314,0.00565790516807973,42642,"min_sylls_freq_Hz",0.00720097021391966
"MARINE WEST COAST FOREST_NORTH AMERICAN DESERTS",-0.000367945108495394,-0.00862483616265314,0.156936267350255,30222,"min_sylls_freq_Hz",0.178445298916026
"MARINE WEST COAST FOREST_NORTHWESTERN FORESTED MOUNTAINS",0.00593626755811425,-0.00862483616265314,0.0113834962052888,34362,"min_sylls_freq_Hz",0.0140878627070977
"MARINE WEST COAST FOREST_SOUTHERN SEMIARID HIGHLANDS",0.154703869634316,-0.00862483616265314,6.19878975734443e-99,17802,"min_sylls_freq_Hz",6.03708219845718e-98
"MARINE WEST COAST FOREST_TEMPERATE SIERRAS",-0.00588359618482686,-0.00862483616265314,0.683711579701832,22977,"min_sylls_freq_Hz",0.719020628418829
"MARINE WEST COAST FOREST_TROPICAL DRY FORESTS",-0.0129654020902551,-0.00862483616265314,0.810943823383521,2070,"min_sylls_freq_Hz",0.837103301557183
"MEDITERRANEAN CALIFORNIA_NORTH AMERICAN DESERTS",-0.0104106808094566,-0.00862483616265314,0.759246104331444,30076,"min_sylls_freq_Hz",0.791028499396481
"MEDITERRANEAN CALIFORNIA_NORTHWESTERN FORESTED MOUNTAINS",-0.0189596370690968,-0.00862483616265314,0.0670584814518296,34196,"min_sylls_freq_Hz",0.0778295328767349
"MEDITERRANEAN CALIFORNIA_SOUTHERN SEMIARID HIGHLANDS",0.0813039633538045,-0.00862483616265314,5.21725190871791e-33,17716,"min_sylls_freq_Hz",1.64600623598988e-32
"MEDITERRANEAN CALIFORNIA_TEMPERATE SIERRAS",-0.0393200003033511,-0.00862483616265314,1.76642648086194e-06,22866,"min_sylls_freq_Hz",2.62039424975546e-06
"MEDITERRANEAN CALIFORNIA_TROPICAL DRY FORESTS",-0.0299039148180072,-0.00862483616265314,0.303301654353362,2060,"min_sylls_freq_Hz",0.333037110662515
"NORTH AMERICAN DESERTS_NORTHWESTERN FORESTED MOUNTAINS",-0.00572479208107732,-0.00862483616265314,0.655448917471565,24236,"min_sylls_freq_Hz",0.692549799592597
"NORTH AMERICAN DESERTS_SOUTHERN SEMIARID HIGHLANDS",0.0144501837200505,-0.00862483616265314,0.00490779135255033,12556,"min_sylls_freq_Hz",0.00631807622397284
"NORTH AMERICAN DESERTS_TEMPERATE SIERRAS",-0.000755734142769212,-0.00862483616265314,0.296877866259825,16206,"min_sylls_freq_Hz",0.327589369666014
"NORTH AMERICAN DESERTS_TROPICAL DRY FORESTS",-0.120374248275811,-0.00862483616265314,8.74036935686267e-08,1460,"min_sylls_freq_Hz",1.34098817529948e-07
"NORTHWESTERN FORESTED MOUNTAINS_SOUTHERN SEMIARID HIGHLANDS",0.0594232908864478,-0.00862483616265314,6.65302050965331e-17,14276,"min_sylls_freq_Hz",1.31882884439145e-16
"NORTHWESTERN FORESTED MOUNTAINS_TEMPERATE SIERRAS",-0.0499562340958526,-0.00862483616265314,4.43488768504051e-09,18426,"min_sylls_freq_Hz",6.94695693321031e-09
"NORTHWESTERN FORESTED MOUNTAINS_TROPICAL DRY FORESTS",0.0552367247849155,-0.00862483616265314,0.00501307307213842,1660,"min_sylls_freq_Hz",0.00641673353233718
"SOUTHERN SEMIARID HIGHLANDS_TEMPERATE SIERRAS",-0.0489373196853718,-0.00862483616265314,4.91006301780247e-05,9546,"min_sylls_freq_Hz",6.74757126372854e-05
"SOUTHERN SEMIARID HIGHLANDS_TROPICAL DRY FORESTS",-0.065128736782098,-0.00862483616265314,0.0368112586634837,860,"min_sylls_freq_Hz",0.0436281584159807
"TEMPERATE SIERRAS_TROPICAL DRY FORESTS",-0.189103289960527,-0.00862483616265314,2.76131948699928e-14,1110,"min_sylls_freq_Hz",5.02874443160844e-14
"GREAT PLAINS_MARINE WEST COAST FOREST",-0.0207513003065537,0.000373310314390609,0.000367301791919681,31671,"overall_sylls_freq_range_Hz",0.000492668271796459
"GREAT PLAINS_MEDITERRANEAN CALIFORNIA",-0.0446337710081422,0.000373310314390609,1.13860220533828e-15,31518,"overall_sylls_freq_range_Hz",2.17988798286987e-15
"GREAT PLAINS_NORTH AMERICAN DESERTS",0.1969948619014,0.000373310314390609,6.72031111530241e-160,22338,"overall_sylls_freq_range_Hz",2.5089161497129e-158
"GREAT PLAINS_NORTHWESTERN FORESTED MOUNTAINS",0.0337034638171361,0.000373310314390609,6.25252992070213e-08,25398,"overall_sylls_freq_range_Hz",9.72615765442554e-08
"GREAT PLAINS_SOUTHERN SEMIARID HIGHLANDS",-0.000726383538713826,0.000373310314390609,0.886715810578932,13158,"overall_sylls_freq_range_Hz",0.890692114662245
"GREAT PLAINS_TEMPERATE SIERRAS",-0.210636800488371,0.000373310314390609,2.13455258403418e-240,16983,"overall_sylls_freq_range_Hz",4.78139778823656e-238
"GREAT PLAINS_TROPICAL DRY FORESTS",-0.309269746074376,0.000373310314390609,1.2204902640144e-76,1530,"overall_sylls_freq_range_Hz",8.54343184810077e-76
"MARINE WEST COAST FOREST_MEDITERRANEAN CALIFORNIA",-0.0330242293571752,0.000373310314390609,5.88331702469214e-11,42642,"overall_sylls_freq_range_Hz",9.76194824837806e-11
"MARINE WEST COAST FOREST_NORTH AMERICAN DESERTS",0.187082002422793,0.000373310314390609,5.8683138080412e-195,30222,"overall_sylls_freq_range_Hz",3.28625573250307e-193
"MARINE WEST COAST FOREST_NORTHWESTERN FORESTED MOUNTAINS",0.0142719034036274,0.000373310314390609,0.0113491273649483,34362,"overall_sylls_freq_range_Hz",0.0140878627070977
"MARINE WEST COAST FOREST_SOUTHERN SEMIARID HIGHLANDS",0.0698087350650566,0.000373310314390609,1.06694891860554e-21,17802,"overall_sylls_freq_range_Hz",2.51575323965938e-21
"MARINE WEST COAST FOREST_TEMPERATE SIERRAS",-0.166029633930093,0.000373310314390609,4.94965157467329e-169,22977,"overall_sylls_freq_range_Hz",2.21744390545363e-167
"MARINE WEST COAST FOREST_TROPICAL DRY FORESTS",-0.276663219532811,0.000373310314390609,1.74337858943231e-68,2070,"overall_sylls_freq_range_Hz",9.76292010082096e-68
"MEDITERRANEAN CALIFORNIA_NORTH AMERICAN DESERTS",0.210084223523421,0.000373310314390609,7.28247600805501e-232,30076,"overall_sylls_freq_range_Hz",8.15637312902161e-230
"MEDITERRANEAN CALIFORNIA_NORTHWESTERN FORESTED MOUNTAINS",0.0254254213254741,0.000373310314390609,6.44654029229102e-06,34196,"overall_sylls_freq_range_Hz",9.37678587969603e-06
"MEDITERRANEAN CALIFORNIA_SOUTHERN SEMIARID HIGHLANDS",0.0163898594227768,0.000373310314390609,0.0235397783629857,17716,"overall_sylls_freq_range_Hz",0.0283489803941333
"MEDITERRANEAN CALIFORNIA_TEMPERATE SIERRAS",-0.0788883165062453,0.000373310314390609,2.18605643495383e-35,22866,"overall_sylls_freq_range_Hz",7.5334867912255e-35
"MEDITERRANEAN CALIFORNIA_TROPICAL DRY FORESTS",-0.329738638054468,0.000373310314390609,3.10639589187837e-127,2060,"overall_sylls_freq_range_Hz",5.79860566483963e-126
"NORTH AMERICAN DESERTS_NORTHWESTERN FORESTED MOUNTAINS",0.0590708396280733,0.000373310314390609,6.17579510352254e-21,24236,"overall_sylls_freq_range_Hz",1.41161030937658e-20
"NORTH AMERICAN DESERTS_SOUTHERN SEMIARID HIGHLANDS",0.00745137300252218,0.000373310314390609,0.391182332987765,12556,"overall_sylls_freq_range_Hz",0.423308418305601
"NORTH AMERICAN DESERTS_TEMPERATE SIERRAS",-0.094214183370765,0.000373310314390609,9.67824023070663e-40,16206,"overall_sylls_freq_range_Hz",3.61320968613047e-39
"NORTH AMERICAN DESERTS_TROPICAL DRY FORESTS",-0.358346627137478,0.000373310314390609,1.54653707805726e-115,1460,"overall_sylls_freq_range_Hz",2.16515190928016e-114
"NORTHWESTERN FORESTED MOUNTAINS_SOUTHERN SEMIARID HIGHLANDS",0.0386496507429393,0.000373310314390609,2.57906152160746e-06,14276,"overall_sylls_freq_range_Hz",3.80072224236889e-06
"NORTHWESTERN FORESTED MOUNTAINS_TEMPERATE SIERRAS",-0.159718210004278,0.000373310314390609,6.14265929214498e-131,18426,"overall_sylls_freq_range_Hz",1.37595568144048e-129
"NORTHWESTERN FORESTED MOUNTAINS_TROPICAL DRY FORESTS",-0.322705381114781,0.000373310314390609,3.03850088532998e-99,1660,"overall_sylls_freq_range_Hz",3.09374635597234e-98
"SOUTHERN SEMIARID HIGHLANDS_TEMPERATE SIERRAS",-0.173829646955279,0.000373310314390609,4.29152726186615e-95,9546,"overall_sylls_freq_range_Hz",3.84520842663207e-94
"SOUTHERN SEMIARID HIGHLANDS_TROPICAL DRY FORESTS",-0.319592769705742,0.000373310314390609,1.18435548679664e-52,860,"overall_sylls_freq_range_Hz",5.30591258084894e-52
"TEMPERATE SIERRAS_TROPICAL DRY FORESTS",-0.329740973299141,0.000373310314390609,4.26505221820794e-64,1110,"overall_sylls_freq_range_Hz",2.22179464390367e-63
"GREAT PLAINS_MARINE WEST COAST FOREST",0.101497412724553,0.0483249693817819,1.25577197024826e-19,31671,"largest_sylls_freq_range_Hz",2.67898020319628e-19
"GREAT PLAINS_MEDITERRANEAN CALIFORNIA",-0.0432966653684199,0.0483249693817819,7.53330369684158e-63,31518,"largest_sylls_freq_range_Hz",3.83513642748299e-62
"GREAT PLAINS_NORTH AMERICAN DESERTS",0.101864583644021,0.0483249693817819,5.02825869042245e-14,22338,"largest_sylls_freq_range_Hz",9.0833060214083e-14
"GREAT PLAINS_NORTHWESTERN FORESTED MOUNTAINS",-0.026762538028492,0.0483249693817819,4.36397169010439e-35,25398,"largest_sylls_freq_range_Hz",1.48110554330815e-34
"GREAT PLAINS_SOUTHERN SEMIARID HIGHLANDS",-0.0678894156968426,0.0483249693817819,3.80033657242319e-50,13158,"largest_sylls_freq_range_Hz",1.63706806196691e-49
"GREAT PLAINS_TEMPERATE SIERRAS",-0.108889630811565,0.0483249693817819,1.03742888556757e-127,16983,"largest_sylls_freq_range_Hz",2.11258245788306e-126
"GREAT PLAINS_TROPICAL DRY FORESTS",-0.161020990202226,0.0483249693817819,4.42073124755121e-28,1530,"largest_sylls_freq_range_Hz",1.26954333263009e-27
"MARINE WEST COAST FOREST_MEDITERRANEAN CALIFORNIA",-0.0430620925568842,0.0483249693817819,6.80782114769334e-76,42642,"largest_sylls_freq_range_Hz",4.62106647601003e-75
"MARINE WEST COAST FOREST_NORTH AMERICAN DESERTS",0.112648410915566,0.0483249693817819,6.43911941921082e-25,30222,"largest_sylls_freq_range_Hz",1.73778644566653e-24
"MARINE WEST COAST FOREST_NORTHWESTERN FORESTED MOUNTAINS",-0.0282535846519839,0.0483249693817819,6.39826226940349e-45,34362,"largest_sylls_freq_range_Hz",2.60583772426615e-44
"MARINE WEST COAST FOREST_SOUTHERN SEMIARID HIGHLANDS",-0.0454479125446224,0.0483249693817819,7.4048079677233e-41,17802,"largest_sylls_freq_range_Hz",2.81131692333902e-40
"MARINE WEST COAST FOREST_TEMPERATE SIERRAS",-0.0723977795599861,0.0483249693817819,1.41076352000986e-87,22977,"largest_sylls_freq_range_Hz",1.08969320166278e-86
"MARINE WEST COAST FOREST_TROPICAL DRY FORESTS",0.0352007510827846,0.0483249693817819,0.469581819226935,2070,"largest_sylls_freq_range_Hz",0.505703497629007
"MEDITERRANEAN CALIFORNIA_NORTH AMERICAN DESERTS",0.107621776393051,0.0483249693817819,2.64714446373355e-21,30076,"largest_sylls_freq_range_Hz",6.17667041537829e-21
"MEDITERRANEAN CALIFORNIA_NORTHWESTERN FORESTED MOUNTAINS",-0.00866845754146897,0.0483249693817819,9.83323646249078e-25,34196,"largest_sylls_freq_range_Hz",2.59134702070345e-24
"MEDITERRANEAN CALIFORNIA_SOUTHERN SEMIARID HIGHLANDS",-0.0370099763196542,0.0483249693817819,4.92304592452776e-34,17716,"largest_sylls_freq_range_Hz",1.62170924572679e-33
"MEDITERRANEAN CALIFORNIA_TEMPERATE SIERRAS",-0.0358175974431022,0.0483249693817819,4.60215356339129e-41,22866,"largest_sylls_freq_range_Hz",1.80856561087658e-40
"MEDITERRANEAN CALIFORNIA_TROPICAL DRY FORESTS",0.0445007692209434,0.0483249693817819,0.838215522824929,2060,"largest_sylls_freq_range_Hz",0.856293908227281
"NORTH AMERICAN DESERTS_NORTHWESTERN FORESTED MOUNTAINS",-0.0143112425498687,0.0483249693817819,2.2700332658982e-23,24236,"largest_sylls_freq_range_Hz",5.71334215237299e-23
"NORTH AMERICAN DESERTS_SOUTHERN SEMIARID HIGHLANDS",-0.0532785048668033,0.0483249693817819,1.03580926381605e-35,12556,"largest_sylls_freq_range_Hz",3.68287738245707e-35
"NORTH AMERICAN DESERTS_TEMPERATE SIERRAS",-0.0238773529376003,0.0483249693817819,4.43529890837355e-23,16206,"largest_sylls_freq_range_Hz",1.07989886464747e-22
"NORTH AMERICAN DESERTS_TROPICAL DRY FORESTS",-0.140760906315932,0.0483249693817819,4.24168980692149e-23,1460,"largest_sylls_freq_range_Hz",1.04410826016529e-22
"NORTHWESTERN FORESTED MOUNTAINS_SOUTHERN SEMIARID HIGHLANDS",-0.0253563059297455,0.0483249693817819,1.31737045742193e-20,14276,"largest_sylls_freq_range_Hz",2.95090982462512e-20
"NORTHWESTERN FORESTED MOUNTAINS_TEMPERATE SIERRAS",-0.0720184408102806,0.0483249693817819,8.43581728232727e-70,18426,"largest_sylls_freq_range_Hz",4.8451873621572e-69
"NORTHWESTERN FORESTED MOUNTAINS_TROPICAL DRY FORESTS",-0.0332010779169935,0.0483249693817819,3.3716550390947e-05,1660,"largest_sylls_freq_range_Hz",4.6909983152622e-05
"SOUTHERN SEMIARID HIGHLANDS_TEMPERATE SIERRAS",-0.103394256888206,0.0483249693817819,1.1821088552139e-72,9546,"largest_sylls_freq_range_Hz",7.56549667336899e-72
"SOUTHERN SEMIARID HIGHLANDS_TROPICAL DRY FORESTS",-0.0633355669287942,0.0483249693817819,1.09121261832952e-05,860,"largest_sylls_freq_range_Hz",1.56686940067829e-05
"TEMPERATE SIERRAS_TROPICAL DRY FORESTS",-0.0700244415334167,0.0483249693817819,6.77997043872391e-07,1110,"largest_sylls_freq_range_Hz",1.01927072367393e-06
"GREAT PLAINS_MARINE WEST COAST FOREST",-0.0371936259429563,0.0156287018384332,1.10409191002849e-22,31671,"smallest_sylls_freq_range_Hz",2.65931814888583e-22
"GREAT PLAINS_MEDITERRANEAN CALIFORNIA",0.00961291294422765,0.0156287018384332,0.287005294078004,31518,"smallest_sylls_freq_range_Hz",0.318263296403332
"GREAT PLAINS_NORTH AMERICAN DESERTS",0.0117492333156387,0.0156287018384332,0.549020240470156,22338,"smallest_sylls_freq_range_Hz",0.582846132063104
"GREAT PLAINS_NORTHWESTERN FORESTED MOUNTAINS",0.0100580504616901,0.0156287018384332,0.363513174533421,25398,"smallest_sylls_freq_range_Hz",0.397204639490178
"GREAT PLAINS_SOUTHERN SEMIARID HIGHLANDS",0.111681514062515,0.0156287018384332,2.25613408559608e-30,13158,"smallest_sylls_freq_range_Hz",6.82937885369625e-30
"GREAT PLAINS_TEMPERATE SIERRAS",-0.0599655439764961,0.0156287018384332,2.43989224387204e-27,16983,"smallest_sylls_freq_range_Hz",6.9181754762954e-27
"GREAT PLAINS_TROPICAL DRY FORESTS",-0.1492532003615,0.0156287018384332,4.02989101566064e-16,1530,"smallest_sylls_freq_range_Hz",7.84952684789551e-16
"MARINE WEST COAST FOREST_MEDITERRANEAN CALIFORNIA",-0.0209506949858021,0.0156287018384332,2.39841079228251e-13,42642,"smallest_sylls_freq_range_Hz",4.26384140850224e-13
"MARINE WEST COAST FOREST_NORTH AMERICAN DESERTS",0.0196397901341064,0.0156287018384332,0.482135659703035,30222,"smallest_sylls_freq_range_Hz",0.516738697480765
"MARINE WEST COAST FOREST_NORTHWESTERN FORESTED MOUNTAINS",-0.00279112361418066,0.0156287018384332,0.000783360551308441,34362,"smallest_sylls_freq_range_Hz",0.00103830037569876
"MARINE WEST COAST FOREST_SOUTHERN SEMIARID HIGHLANDS",0.0899904883513874,0.0156287018384332,3.85243053741291e-24,17802,"smallest_sylls_freq_range_Hz",9.91890161356887e-24
"MARINE WEST COAST FOREST_TEMPERATE SIERRAS",-0.0631029955079492,0.0156287018384332,1.0051129463975e-35,22977,"smallest_sylls_freq_range_Hz",3.63137580633935e-35
"MARINE WEST COAST FOREST_TROPICAL DRY FORESTS",-0.0974701028781502,0.0156287018384332,7.89219846246259e-10,2070,"smallest_sylls_freq_range_Hz",1.27183629898678e-09
"MEDITERRANEAN CALIFORNIA_NORTH AMERICAN DESERTS",0.0630009350836856,0.0156287018384332,1.37643607813755e-15,30076,"smallest_sylls_freq_range_Hz",2.61289560595602e-15
"MEDITERRANEAN CALIFORNIA_NORTHWESTERN FORESTED MOUNTAINS",-0.00546998134290353,0.0156287018384332,0.00012292264871784,34196,"smallest_sylls_freq_range_Hz",0.0001658715259807
"MEDITERRANEAN CALIFORNIA_SOUTHERN SEMIARID HIGHLANDS",0.0522579429856156,0.0156287018384332,6.03439439032504e-07,17716,"smallest_sylls_freq_range_Hz",9.13313745562708e-07
"MEDITERRANEAN CALIFORNIA_TEMPERATE SIERRAS",-0.110187910565975,0.0156287018384332,4.95694560693621e-92,22866,"smallest_sylls_freq_range_Hz",4.1124289479767e-91
"MEDITERRANEAN CALIFORNIA_TROPICAL DRY FORESTS",0.0656644000821499,0.0156287018384332,0.0185133348022267,2060,"smallest_sylls_freq_range_Hz",0.0224161459226961
"NORTH AMERICAN DESERTS_NORTHWESTERN FORESTED MOUNTAINS",0.0284604080753424,0.0156287018384332,0.0420628094525699,24236,"smallest_sylls_freq_range_Hz",0.0495898385125034
"NORTH AMERICAN DESERTS_SOUTHERN SEMIARID HIGHLANDS",0.0575022734101399,0.0156287018384332,5.74252868196793e-07,12556,"smallest_sylls_freq_range_Hz",8.75051989633209e-07
"NORTH AMERICAN DESERTS_TEMPERATE SIERRAS",-0.0585992761810866,0.0156287018384332,8.84396528454805e-25,16206,"smallest_sylls_freq_range_Hz",2.35839074254615e-24
"NORTH AMERICAN DESERTS_TROPICAL DRY FORESTS",-0.152342676101101,0.0156287018384332,8.70072027826538e-15,1460,"smallest_sylls_freq_range_Hz",1.62413445194287e-14
"NORTHWESTERN FORESTED MOUNTAINS_SOUTHERN SEMIARID HIGHLANDS",0.083714483942264,0.0156287018384332,2.99116618805912e-18,14276,"smallest_sylls_freq_range_Hz",6.14698372591966e-18
"NORTHWESTERN FORESTED MOUNTAINS_TEMPERATE SIERRAS",-0.0971853101007279,0.0156287018384332,5.32463256938864e-65,18426,"smallest_sylls_freq_range_Hz",2.83980403700727e-64
"NORTHWESTERN FORESTED MOUNTAINS_TROPICAL DRY FORESTS",-0.140416246118717,0.0156287018384332,1.84303472305055e-14,1660,"smallest_sylls_freq_range_Hz",3.41189899143243e-14
"SOUTHERN SEMIARID HIGHLANDS_TEMPERATE SIERRAS",-0.0908033657758139,0.0156287018384332,7.7802751690132e-34,9546,"smallest_sylls_freq_range_Hz",2.52577048965066e-33
"SOUTHERN SEMIARID HIGHLANDS_TROPICAL DRY FORESTS",0.0984147538797068,0.0156287018384332,0.0117408154629827,860,"smallest_sylls_freq_range_Hz",0.0144502344159787
"TEMPERATE SIERRAS_TROPICAL DRY FORESTS",0.291888526383637,0.0156287018384332,3.60409136229612e-19,1110,"smallest_sylls_freq_range_Hz",7.54501369303114e-19
"GREAT PLAINS_MARINE WEST COAST FOREST",-0.0396635077402429,0.0218374036503238,3.13032493976894e-30,31671,"avg_sylls_freq_range_Hz",9.34923715344323e-30
"GREAT PLAINS_MEDITERRANEAN CALIFORNIA",-0.0227060692270652,0.0218374036503238,6.03677923859845e-16,31518,"avg_sylls_freq_range_Hz",1.16572288745349e-15
"GREAT PLAINS_NORTH AMERICAN DESERTS",0.105857037391037,0.0218374036503238,1.60024454519809e-32,22338,"avg_sylls_freq_range_Hz",4.97853858506071e-32
"GREAT PLAINS_NORTHWESTERN FORESTED MOUNTAINS",0.0088761567400768,0.0218374036503238,0.0346381470129369,25398,"avg_sylls_freq_range_Hz",0.0412709836749886
"GREAT PLAINS_SOUTHERN SEMIARID HIGHLANDS",0.119856374303622,0.0218374036503238,7.24940312652793e-29,13158,"avg_sylls_freq_range_Hz",2.10891727317176e-28
"GREAT PLAINS_TEMPERATE SIERRAS",-0.120031975369205,0.0218374036503238,6.59579214667782e-107,16983,"avg_sylls_freq_range_Hz",8.2080968936435e-106
"GREAT PLAINS_TROPICAL DRY FORESTS",-0.163556933596017,0.0218374036503238,3.69558086463559e-20,1530,"avg_sylls_freq_range_Hz",8.03699139493565e-20
"MARINE WEST COAST FOREST_MEDITERRANEAN CALIFORNIA",-0.0467957826858144,0.0218374036503238,1.48671416656325e-44,42642,"avg_sylls_freq_range_Hz",5.94685666625302e-44
"MARINE WEST COAST FOREST_NORTH AMERICAN DESERTS",0.0971231302260423,0.0218374036503238,1.88123828809652e-34,30222,"avg_sylls_freq_range_Hz",6.28951308259137e-34
"MARINE WEST COAST FOREST_NORTHWESTERN FORESTED MOUNTAINS",-0.0168997548424337,0.0218374036503238,6.87514085413699e-13,34362,"avg_sylls_freq_range_Hz",1.20314964947397e-12
"MARINE WEST COAST FOREST_SOUTHERN SEMIARID HIGHLANDS",0.0949185037758274,0.0218374036503238,4.4177337578238e-21,17802,"avg_sylls_freq_range_Hz",1.02017769252838e-20
"MARINE WEST COAST FOREST_TEMPERATE SIERRAS",-0.103749500349457,0.0218374036503238,2.25607118914522e-101,22977,"avg_sylls_freq_range_Hz",2.65978919141331e-100
"MARINE WEST COAST FOREST_TROPICAL DRY FORESTS",-0.0326932490313824,0.0218374036503238,0.00664875958484362,2070,"avg_sylls_freq_range_Hz",0.00841424941810718
"MEDITERRANEAN CALIFORNIA_NORTH AMERICAN DESERTS",0.125408157497663,0.0218374036503238,1.48334597780699e-61,30076,"avg_sylls_freq_range_Hz",7.38376664508367e-61
"MEDITERRANEAN CALIFORNIA_NORTHWESTERN FORESTED MOUNTAINS",0.00730326181026978,0.0218374036503238,0.00910258275632685,34196,"avg_sylls_freq_range_Hz",0.0113909415498168
"MEDITERRANEAN CALIFORNIA_SOUTHERN SEMIARID HIGHLANDS",-0.00758467865938977,0.0218374036503238,3.82328231868098e-05,17716,"avg_sylls_freq_range_Hz",5.28651382336136e-05
"MEDITERRANEAN CALIFORNIA_TEMPERATE SIERRAS",-0.115349898929382,0.0218374036503238,2.26633344568039e-121,22866,"avg_sylls_freq_range_Hz",3.62613351308862e-120
"MEDITERRANEAN CALIFORNIA_TROPICAL DRY FORESTS",0.136295053990994,0.0218374036503238,1.48096664239017e-06,2060,"avg_sylls_freq_range_Hz",2.21157685263599e-06
"NORTH AMERICAN DESERTS_NORTHWESTERN FORESTED MOUNTAINS",0.0329073133364868,0.0218374036503238,0.0829331634288908,24236,"avg_sylls_freq_range_Hz",0.0957578794230492
"NORTH AMERICAN DESERTS_SOUTHERN SEMIARID HIGHLANDS",-0.0113957044933851,0.0218374036503238,3.36466366647934e-05,12556,"avg_sylls_freq_range_Hz",4.6909983152622e-05
"NORTH AMERICAN DESERTS_TEMPERATE SIERRAS",-0.0606434733859114,0.0218374036503238,4.66560865575434e-33,16206,"avg_sylls_freq_range_Hz",1.49299476984139e-32
"NORTH AMERICAN DESERTS_TROPICAL DRY FORESTS",-0.149828395061006,0.0218374036503238,2.27629459096123e-18,1460,"avg_sylls_freq_range_Hz",4.72120359606773e-18
"NORTHWESTERN FORESTED MOUNTAINS_SOUTHERN SEMIARID HIGHLANDS",0.09592808571206,0.0218374036503238,2.18760874850573e-19,14276,"avg_sylls_freq_range_Hz",4.62287131759702e-19
"NORTHWESTERN FORESTED MOUNTAINS_TEMPERATE SIERRAS",-0.102249763884331,0.0218374036503238,8.91710698968554e-84,18426,"avg_sylls_freq_range_Hz",6.65810655229853e-83
"NORTHWESTERN FORESTED MOUNTAINS_TROPICAL DRY FORESTS",-0.138885858568212,0.0218374036503238,7.15741517957509e-21,1660,"avg_sylls_freq_range_Hz",1.61945555578265e-20
"SOUTHERN SEMIARID HIGHLANDS_TEMPERATE SIERRAS",-0.143896809204808,0.0218374036503238,1.72306208727363e-92,9546,"avg_sylls_freq_range_Hz",1.48448425980497e-91
"SOUTHERN SEMIARID HIGHLANDS_TROPICAL DRY FORESTS",-0.155041729200489,0.0218374036503238,4.66680767007976e-12,860,"avg_sylls_freq_range_Hz",7.97988487097607e-12
"TEMPERATE SIERRAS_TROPICAL DRY FORESTS",-0.144085587202815,0.0218374036503238,7.69605202156815e-13,1110,"avg_sylls_freq_range_Hz",1.33636872312501e-12
